일자,시가,고가,저가,종가,거래량
2016-02-24,23560,23580,23220,23440,140484
2016-02-25,23440,23740,23440,23580,133635
2016-02-26,23600,23740,23440,23440,177344
2016-02-29,23580,23880,23520,23560,288680
2016-03-02,24000,24140,23920,23940,236372
2016-03-03,24260,24400,24040,24400,218991
2016-03-04,24400,24560,24040,24300,201490
2016-03-07,24400,24620,24300,24460,131376
2016-03-08,24460,24480,23720,23840,216202
2016-03-09,23760,23980,23540,23880,183380
2016-03-10,24160,24720,24020,24500,283540
2016-03-11,24500,25060,24320,24980,267225
2016-03-14,25340,25460,24980,25100,217154
2016-03-15,25100,25280,24920,25060,172808
2016-03-16,25120,25260,25060,25120,146856
2016-03-17,25300,25920,25140,25260,246869
2016-03-18,25560,25560,25260,25460,225314
2016-03-21,25480,25580,25160,25340,181170
2016-03-22,25340,25580,25240,25380,202872
2016-03-23,25380,25580,25240,25580,197418
2016-03-24,25580,25800,25320,25640,218795
2016-03-25,25660,25800,25560,25760,143446
2016-03-28,25760,26000,25760,25880,121218
2016-03-29,25880,26000,25700,25800,172454
2016-03-30,26200,26419,26040,26160,267605
2016-03-31,26120,26279,25960,26240,382615
2016-04-01,25980,26180,25420,25580,271156
2016-04-04,25580,26100,25580,26100,188046
2016-04-05,25980,25980,25200,25200,236319
2016-04-06,25380,25820,25360,25700,184234
2016-04-07,26000,26000,25160,25380,258795
2016-04-08,25380,25380,24800,24920,251868
2016-04-11,24920,25420,24920,25320,120693
2016-04-12,25400,25620,25320,25500,134054
2016-04-14,26000,26040,25780,26000,335327
2016-04-15,26180,26200,25800,26000,136599
2016-04-18,25900,26100,25840,25980,128474
2016-04-19,25880,25920,25660,25760,144766
2016-04-20,25640,26000,25640,25980,171972
2016-04-21,26000,26020,25760,25880,145089
2016-04-22,25880,25880,25540,25600,114830
2016-04-25,25700,25700,25420,25620,91957
2016-04-26,25700,26100,25660,25920,166901
2016-04-27,25880,26000,25720,26000,165946
2016-04-28,26000,26000,25220,25300,293069
2016-04-29,25200,25340,24840,24900,325078
2016-05-02,24940,25240,24900,25000,140552
2016-05-03,25340,25400,25120,25220,158066
2016-05-04,25440,25800,25240,25800,294055
2016-05-09,25800,26000,25700,25980,312894
2016-05-10,25980,26000,25760,25920,171191
2016-05-11,25920,25980,25740,25840,176688
2016-05-12,25840,25840,25500,25620,152302
2016-05-13,25620,25620,25020,25060,245698
2016-05-16,25060,25260,24940,24960,234403
2016-05-17,24980,25300,24980,25280,183671
2016-05-18,25280,25420,25100,25360,183392
2016-05-19,25360,25540,25320,25400,200249
2016-05-20,25400,25600,25380,25380,159211
2016-05-23,25380,25720,25380,25720,162251
2016-05-24,25720,25780,25360,25420,208692
2016-05-25,25660,25960,25480,25900,237255
2016-05-26,25980,26060,25900,25920,253073
2016-05-27,26000,26020,25460,25640,274891
2016-05-30,25940,25940,25480,25600,206307
2016-05-31,25600,26000,25360,25840,1250554
2016-06-01,25960,26820,25900,26660,470080
2016-06-02,27000,27440,26920,27300,476139
2016-06-03,27400,27580,27280,27540,341324
2016-06-07,27720,28040,27600,27960,462843
2016-06-08,28380,28380,27780,28120,376162
2016-06-09,28160,28600,28120,28600,515375
2016-06-10,28480,28500,28080,28120,289681
2016-06-13,27920,27920,27240,27420,304966
2016-06-14,27420,27720,27380,27600,245461
2016-06-15,27699,28320,27660,28260,306689
2016-06-16,28259,28340,27900,28180,292431
2016-06-17,28200,28700,28200,28520,328394
2016-06-20,28540,28960,28519,28620,270316
2016-06-21,28640,28980,28520,28960,200411
2016-06-22,28920,29000,28620,28900,178965
2016-06-23,28880,28900,28540,28600,225126
2016-06-24,28900,28900,27200,28000,411052
2016-06-27,28000,28099,27700,27960,236780
2016-06-28,27800,28080,27579,27980,214379
2016-06-29,28160,28240,27820,27920,210541
2016-06-30,28160,28900,27940,28500,272943
2016-07-01,28540,29579,28540,29320,287872
2016-07-04,29279,29479,29020,29320,159900
2016-07-05,29319,29500,29240,29380,157407
2016-07-06,28940,29040,28240,28420,334983
2016-07-07,28420,29000,28320,29000,229904
2016-07-08,29000,29500,28980,29200,269963
2016-07-11,29199,30000,29199,29780,281136
2016-07-12,29980,30099,29200,29280,220494
2016-07-13,29920,29920,29259,29620,200198
2016-07-14,29620,30000,29520,30000,248605
2016-07-15,30000,30439,29720,30360,232463
2016-07-18,30360,30660,30000,30660,231344
2016-07-19,30560,30799,30440,30660,202445
2016-07-20,30659,30840,30480,30800,155463
2016-07-21,30800,30940,30740,30860,170894
2016-07-22,30120,30560,30120,30320,171703
2016-07-25,30000,30460,29900,30040,154650
2016-07-26,30000,30619,29960,30600,144570
2016-07-27,30240,30580,30240,30540,126701
2016-07-28,30660,30720,29960,30140,190074
2016-07-29,30400,31140,30220,30780,299712
2016-08-01,31380,31600,31200,31360,230308
2016-08-02,31360,31360,30920,30960,166316
2016-08-03,30960,30960,30340,30340,150098
2016-08-04,30380,30660,30340,30340,140199
2016-08-05,30580,31280,30500,31220,139177
2016-08-08,31320,31500,31120,31380,222503
2016-08-09,31480,31580,31140,31340,180464
2016-08-10,31340,31400,30680,30820,246807
2016-08-11,30820,31180,30520,31180,210672
2016-08-12,31180,31400,30880,30900,209497
2016-08-16,30900,31520,30900,31360,216862
2016-08-17,31380,31399,31020,31320,148929
2016-08-18,31340,32880,31320,32800,366541
2016-08-19,32760,33500,32720,33500,336103
2016-08-22,33480,33840,33180,33300,252244
2016-08-23,33300,33880,33140,33740,230914
2016-08-24,33600,33640,32720,33060,318771
2016-08-25,32600,33180,32440,32780,283476
2016-08-26,32120,32460,32060,32240,241160
2016-08-29,32040,32800,31940,32800,178515
2016-08-30,32940,33420,32660,32900,156992
2016-08-31,32820,32820,32220,32400,410644
2016-09-01,31660,31760,31260,31740,375803
2016-09-02,31900,32260,31760,31940,163060
2016-09-05,31800,32300,31700,32120,167676
2016-09-06,32140,32900,31940,32860,153203
2016-09-07,32960,33040,32420,32420,191837
2016-09-08,32460,32780,32280,32780,241417
2016-09-09,32220,32360,31280,31500,265168
2016-09-12,29800,30119,29119,29300,529987
2016-09-13,30159,30980,29900,30540,494345
2016-09-19,30760,31380,30720,31160,448163
2016-09-20,31180,31759,31180,31700,258423
2016-09-21,31900,32019,31520,31840,210181
2016-09-22,32000,32820,31980,32360,228599
2016-09-23,31640,31960,31320,31420,365993
2016-09-26,31420,31920,31280,31360,290496
2016-09-27,31000,31500,30660,31380,196688
2016-09-28,31080,31460,31080,31340,174128
2016-09-29,31459,32380,31440,32000,227951
2016-09-30,31800,32300,31700,31960,235254
2016-10-04,32200,32480,32120,32280,261062
2016-10-05,32020,32520,31940,32380,249409
2016-10-06,33920,34000,33340,33820,591163
2016-10-07,34000,34320,33800,34120,521011
2016-10-10,33000,33780,32560,33600,505866
2016-10-11,31999,32500,30900,30900,768543
2016-10-12,29900,30900,29880,30700,781771
2016-10-13,31000,31620,30900,31140,437291
2016-10-14,30960,31760,30940,31540,283179
2016-10-17,31299,32040,30760,31800,255704
2016-10-18,31439,31900,31439,31780,207690
2016-10-19,31580,32860,31500,32500,308891
2016-10-20,32520,33020,32179,32400,206609
2016-10-21,32120,32260,31760,31780,209550
2016-10-24,31860,32159,31800,32160,185799
2016-10-25,31999,32080,31840,31940,197322
2016-10-26,31939,31980,31240,31340,210680
2016-10-27,31420,32340,31120,31460,282340
2016-10-28,31600,32280,31600,32280,204284
2016-10-31,32320,32780,32220,32780,241344
2016-11-01,32600,33040,32240,33040,206948
2016-11-02,32800,33040,32620,32860,201985
2016-11-03,32600,32800,32120,32320,206837
2016-11-04,32100,32680,32100,32540,142077
2016-11-07,32940,33000,32680,32800,153238
2016-11-08,32980,32980,32700,32880,108349
2016-11-09,32920,33140,31820,31920,313672
2016-11-10,32600,33000,32360,32980,235907
2016-11-11,31700,32360,31700,31960,256736
2016-11-14,31899,31919,31040,31060,302666
2016-11-15,31060,31620,30780,30780,273314
2016-11-16,30800,31280,30800,31160,266164
2016-11-17,31100,31520,30900,31360,157411
2016-11-18,31639,31760,31400,31720,189215
2016-11-21,31300,32119,31300,31860,163604
2016-11-22,32140,32900,32000,32800,195022
2016-11-23,33220,33220,32520,32980,253372
2016-11-24,32980,33040,32660,33000,155143
2016-11-25,32820,33040,32660,33000,125538
2016-11-28,33000,33620,32800,33540,265881
2016-11-29,33800,33960,33380,33540,361626
2016-11-30,33540,34940,33540,34920,570704
2016-12-01,34800,35060,34660,34980,310707
2016-12-02,34480,34760,34140,34540,307059
2016-12-05,34340,34680,34220,34360,169692
2016-12-06,34440,35200,34400,34960,280036
2016-12-07,35040,35480,35040,35440,192073
2016-12-08,35980,36020,35520,35800,329251
2016-12-09,35900,35900,35400,35600,213049
2016-12-12,34660,35360,34660,35040,228289
2016-12-13,34620,35440,34620,35320,233689
2016-12-14,35560,35680,35280,35540,149102
2016-12-15,34820,35500,34820,35180,115471
2016-12-16,35300,36020,35200,35860,234954
2016-12-19,35620,36380,35620,35900,108716
2016-12-20,35920,36400,35840,36240,152304
2016-12-21,36360,36600,36020,36100,131042
2016-12-22,36260,36300,35980,36180,127092
2016-12-23,36020,36080,35600,35640,166697
2016-12-26,35600,36000,35560,35960,96472
2016-12-27,35980,36200,35860,35980,93069
2016-12-28,35840,35980,35600,35760,133258
2016-12-29,35420,36040,35400,36040,150329
2017-01-02,35980,36240,35880,36100,93012
2017-01-03,36280,36620,36020,36480,147153
2017-01-04,36500,36520,36100,36160,159435
2017-01-05,36060,36060,35540,35560,219349
2017-01-06,36180,36440,36040,36200,177619
2017-01-09,36600,37500,36560,37220,263898
2017-01-10,37280,37400,37080,37240,181996
2017-01-11,37520,38560,37420,38280,240363
2017-01-12,38000,38800,37980,38800,233383
2017-01-13,38100,38319,37460,37460,319089
2017-01-16,36860,37820,36320,36660,332230
2017-01-17,36580,37460,36580,36960,163014
2017-01-18,37040,37500,36620,36940,177508
2017-01-19,37720,37920,37020,37480,188378
2017-01-20,37120,37420,36880,37200,183700
2017-01-23,37200,38060,37000,38060,176208
2017-01-24,38120,38580,37880,38160,220975
2017-01-25,38340,39400,38320,39400,268677
2017-01-26,39420,40000,39420,39900,304290
2017-01-31,39900,39900,39460,39460,359844
2017-02-01,39540,39660,39039,39120,283008
2017-02-02,39600,39660,39200,39360,300586
2017-02-03,39400,39500,39180,39460,207727
2017-02-06,39580,39660,39140,39560,177214
2017-02-07,39560,39580,38760,38820,280836
2017-02-08,38740,38779,38200,38400,341859
2017-02-09,38779,38840,38219,38400,273883
2017-02-10,38400,38760,38300,38360,220415
2017-02-13,37740,38060,37720,37960,222041
2017-02-14,37960,38260,37320,37580,262483
2017-02-15,37080,37960,37080,37720,283831
2017-02-16,37800,38360,37780,38020,204527
2017-02-17,37560,38040,37280,37860,307549
2017-02-20,38220,38780,38160,38660,149716
2017-02-21,38540,39560,38420,38940,211252
2017-02-22,39000,39340,38980,39300,170789
2017-02-23,39020,39440,39020,39180,204346
2017-02-24,38960,39100,38060,38220,185937
2017-02-27,38020,38140,37700,38060,180674
2017-02-28,38059,38760,37960,38440,301774
2017-03-02,38420,39860,38420,39720,424996
2017-03-03,39340,39720,39160,39620,254174
2017-03-06,39220,40220,39220,40080,244697
2017-03-07,39800,40320,39800,40200,211065
2017-03-08,40200,40620,40140,40200,242819
2017-03-09,40200,40300,40020,40200,287445
2017-03-10,39960,40420,39860,40180,204556
2017-03-13,40039,40980,40039,40600,148482
2017-03-14,40620,41540,40500,41360,226501
2017-03-15,40800,41440,40800,41400,191757
2017-03-16,41800,42180,41540,41840,198663
2017-03-17,41800,42500,41720,42400,252046
2017-03-20,42000,42120,41740,41900,205001
2017-03-21,41780,42680,41760,42560,284403
2017-03-22,41600,42460,41580,42460,328545
2017-03-23,42200,42360,41700,41800,307942
2017-03-24,41600,41980,41080,41500,256163
2017-03-27,41200,41880,41180,41200,243553
2017-03-28,41560,41840,41380,41480,164325
2017-03-29,41740,41960,41580,41780,201865
2017-03-30,41880,42440,41880,41980,164080
2017-03-31,41820,42020,41200,41200,210006
2017-04-03,41400,41720,41300,41440,191588
2017-04-04,41600,42180,41520,42080,245110
2017-04-05,41900,42240,41700,42140,213994
2017-04-06,42000,42080,41600,41840,193668
2017-04-07,41800,41820,41160,41600,200420
2017-04-10,41940,41940,41500,41940,142827
2017-04-11,41940,41940,41580,41600,143458
2017-04-12,41860,41940,41700,41900,165498
2017-04-13,41660,42460,41660,42420,180816
2017-04-14,42160,42260,41760,42020,109257
2017-04-17,42000,42080,41520,41560,104495
2017-04-18,41680,41820,41280,41500,137213
2017-04-19,41299,41420,40900,40900,235258
2017-04-20,40580,40800,40080,40280,422977
2017-04-21,40480,41400,40480,40760,302610
2017-04-24,41260,41260,40920,41240,179803
2017-04-25,41460,42740,41320,42700,385992
2017-04-26,42700,42800,42520,42800,295896
2017-04-27,42700,44520,41960,43840,460645
2017-04-28,45780,45800,44520,44620,453714
2017-05-02,45500,45500,44760,44900,281366
2017-05-04,45700,45700,44860,45520,273802
2017-05-08,45520,47020,45340,47020,391651
2017-05-10,46160,47220,45600,45600,468219
2017-05-11,45420,46180,45220,45500,425557
2017-05-12,45760,46160,45660,45820,188458
2017-05-15,45620,46280,45620,46100,160028
2017-05-16,46660,46800,46100,46380,176075
2017-05-17,46120,46640,46100,46340,148489
2017-05-18,45740,46000,45540,45940,223207
2017-05-19,45640,45780,44720,44720,315247
2017-05-22,45040,45380,44760,45100,352871
2017-05-23,45400,45580,44900,44920,252141
2017-05-24,44860,45300,44800,44880,173508
2017-05-25,45160,45680,44800,45680,260896
2017-05-26,45600,46460,45540,46080,272273
2017-05-29,46220,46400,45380,45620,174791
2017-05-30,45520,45660,44480,44640,248672
2017-05-31,44580,45020,44400,44700,373382
2017-06-01,44860,44900,44400,44680,195070
2017-06-02,45060,45960,45000,45960,249775
2017-06-05,46040,46360,45720,45940,151988
2017-06-07,46500,46500,45240,45300,274588
2017-06-08,45000,45580,45000,45160,279575
2017-06-09,45680,46440,45600,46100,234657
2017-06-12,45420,45600,45140,45380,219086
2017-06-13,45140,45620,45140,45400,172498
2017-06-14,45800,46060,45240,45360,203334
2017-06-15,45680,45920,45180,45680,193140
2017-06-16,45500,45940,45460,45580,348069
2017-06-19,45580,46560,45560,46560,226078
2017-06-20,47240,48140,47220,48140,300900
2017-06-21,47740,48120,47480,47480,199473
2017-06-22,47960,48080,47720,47960,229116
2017-06-23,47600,47780,47420,47620,190302
2017-06-26,47520,48360,47520,48280,171056
2017-06-27,48220,48400,47900,48300,192335
2017-06-28,47600,48000,47560,47700,191450
2017-06-29,48040,48320,47940,47940,166131
2017-06-30,47500,47620,47100,47540,237551
2017-07-03,47500,47780,47120,47220,136111
2017-07-04,47160,47400,46900,47000,159220
2017-07-05,46820,47680,46780,47580,212805
2017-07-06,48000,48100,47720,48060,218461
2017-07-07,47740,48120,47620,47860,162638
2017-07-10,48500,48900,48320,48660,215855
2017-07-11,48640,49000,48280,49000,194356
2017-07-12,49000,50000,48840,49880,189723
2017-07-13,50080,50940,50040,50560,320683
2017-07-14,51000,51080,50420,50480,164780
2017-07-17,50900,51020,50520,50640,179522
2017-07-18,50420,50880,50360,50840,141689
2017-07-19,50620,50820,50000,50740,223150
2017-07-20,50760,51320,50560,51200,167352
2017-07-21,50860,51160,50520,51080,168981
2017-07-24,50700,51000,50620,50860,141995
2017-07-25,50500,50760,49940,50000,216212
2017-07-26,49600,50020,49300,49840,224496
2017-07-27,50000,50640,49560,49800,228990
2017-07-28,49800,49800,47380,47760,523366
2017-07-31,47420,48240,46920,48200,254028
2017-08-01,48000,48840,47540,48600,227390
2017-08-02,49200,49340,48600,49000,155549
2017-08-03,49000,49000,47120,47780,310816
2017-08-04,48160,48180,47500,47700,167184
2017-08-07,47500,48080,47440,47580,144365
2017-08-08,47980,48260,47480,47720,159592
2017-08-09,47400,47400,46240,46280,291108
2017-08-10,46200,46320,45460,45900,459723
2017-08-11,45120,45300,44220,44620,508146
2017-08-14,45120,45400,44720,45000,383712
2017-08-16,46220,46380,46000,46200,438273
2017-08-17,46960,47300,46740,47040,248317
2017-08-18,46760,47240,46240,46900,209559
2017-08-21,47240,47240,46580,46840,102069
2017-08-22,46820,47160,46700,47000,147635
2017-08-23,47780,47780,47180,47480,187694
2017-08-24,47520,47660,47340,47520,173149
2017-08-25,47880,47880,46720,47020,224871
2017-08-28,47020,47240,45960,46100,199242
2017-08-29,45640,46080,45160,46080,252473
2017-08-30,46380,46400,45960,46200,150260
2017-08-31,46220,46640,46000,46320,220234
2017-09-01,46460,46640,46300,46480,212834
2017-09-04,45780,46360,45500,46040,158870
2017-09-05,46240,46900,45960,46760,234322
2017-09-06,46760,47180,46700,47000,216221
2017-09-07,47000,48220,47000,48120,193530
2017-09-08,48700,49180,48580,49080,217860
2017-09-11,49700,50180,49500,49800,207495
2017-09-12,50200,50220,49140,49600,240595
2017-09-13,49820,50400,49440,49620,187140
2017-09-14,50060,50320,49760,50300,284095
2017-09-15,50300,50560,49860,50400,215146
2017-09-18,50540,52480,50520,52480,230499
2017-09-19,52500,52640,51780,52120,197008
2017-09-20,52120,52500,51840,52220,185855
2017-09-21,52219,52960,52219,52800,176796
2017-09-22,52960,53600,52459,53000,278448
2017-09-25,52999,53679,52999,53620,186062
2017-09-26,53020,53120,51560,51660,341144
2017-09-27,52000,52200,51500,51680,215940
2017-09-28,52260,52460,51260,51260,240509
2017-09-29,51180,51620,50840,51280,258188
2017-10-10,53360,53640,52799,52800,410396
2017-10-11,53600,54760,53340,54640,273043
2017-10-12,54840,55160,54099,54800,277814
2017-10-13,54540,54840,53780,54000,252033
2017-10-16,53980,54860,53760,53920,195399
2017-10-17,54019,55380,54000,54800,212156
2017-10-18,54820,55240,54039,54760,202215
2017-10-19,54699,54699,52980,52980,242174
2017-10-20,52800,54100,52800,53840,160541
2017-10-23,54600,54640,54000,54300,166221
2017-10-24,54699,54780,54040,54040,116121
2017-10-25,54040,54420,53699,53900,117657
2017-10-26,53720,53900,52400,52400,195531
2017-10-27,52400,53320,52140,53080,147850
2017-10-30,53780,54320,53699,54040,163923
2017-10-31,54060,55440,53500,55080,267631
2017-11-01,57500,57500,56179,57220,290205
2017-11-02,57500,57519,56760,57060,214421
2017-11-03,57059,57140,55860,56380,198716
2017-11-06,56380,56500,55340,56380,180019
2017-11-07,56380,56920,55860,56100,149291
2017-11-08,56100,57060,55860,56760,170404
2017-11-09,56920,56920,55899,56340,239881
2017-11-10,55800,56540,55780,56400,134976
2017-11-13,56400,56799,56100,56380,176133
2017-11-14,56380,56740,55920,55920,134500
2017-11-15,55920,56319,55320,55340,176339
2017-11-16,55440,56000,55400,55780,152814
2017-11-17,56399,56880,55820,55820,214663
2017-11-20,55900,55980,55200,55200,189455
2017-11-21,55400,55839,55280,55280,206494
2017-11-22,55980,56200,55620,55960,159059
2017-11-23,55960,55979,55020,55300,125458
2017-11-24,55300,55500,55180,55460,90724
2017-11-27,55360,55360,52640,52640,362578
2017-11-28,52699,53280,51720,53280,269988
2017-11-29,53200,53240,52500,52600,191805
2017-11-30,50800,51860,50200,50800,592683
2017-12-01,50800,51780,50800,50840,257372
2017-12-04,50840,51340,50020,51340,297301
2017-12-05,50600,51300,50280,51260,186531
2017-12-06,51260,51560,50020,50020,217784
2017-12-07,50040,50980,50020,50740,221312
2017-12-08,51360,52000,51040,52000,225809
2017-12-11,52000,52040,51500,51780,162517
2017-12-12,51820,52100,51660,52100,175301
2017-12-13,52100,52100,51100,51320,226674
2017-12-14,51320,52280,51060,51060,406208
2017-12-15,51240,51480,50520,50620,298571
2017-12-18,50620,51240,50620,51200,147005
2017-12-19,51540,52080,51520,51560,239572
2017-12-20,51500,51760,50820,50880,201611
2017-12-21,51000,51060,49100,49140,312486
2017-12-22,49400,49960,49240,49700,223993
2017-12-26,49760,50100,48200,48200,320797
2017-12-27,48960,49560,48460,49360,214872
2017-12-28,49560,50960,49500,50960,179709
2018-01-02,51380,51400,50780,51020,169485
2018-01-03,52540,52560,51420,51620,200270
2018-01-04,52120,52180,50640,51080,233909
2018-01-05,51300,52120,51200,52120,189623
2018-01-08,52400,52520,51500,52020,167673
2018-01-09,51460,51720,49980,50400,360272
2018-01-10,50500,50520,48640,48840,371336
2018-01-11,48200,49260,48020,48240,502476
2018-01-12,48240,48480,46760,48200,545409
2018-01-15,48800,48980,47920,48540,201920
2018-01-16,48760,50140,48620,50000,407793
2018-01-17,50020,50020,49060,49620,221061
2018-01-18,50020,50640,49820,49900,296977
2018-01-19,50380,50380,49040,49320,184399
2018-01-22,48640,48680,47960,48240,250418
2018-01-23,48660,49160,48300,49160,270654
2018-01-24,48860,49700,48560,49340,191010
2018-01-25,49220,50360,49160,50260,223207
2018-01-26,50500,50780,49840,50780,207002
2018-01-29,51200,51480,50900,51220,236776
2018-01-30,50440,50640,49780,49800,245691
2018-01-31,50020,54140,49600,49900,1293626
2018-02-01,50620,50960,49720,49820,552189
2018-02-02,49380,49400,47700,47700,585207
2018-02-05,46500,48320,46000,47920,567158
2018-02-06,46600,47920,46580,47420,388129
2018-02-07,48240,48260,45800,45800,468961
2018-02-08,46120,46620,45980,46000,465021
2018-02-09,44440,45180,44420,44700,349300
2018-02-12,45100,46320,45040,45720,315099
2018-02-13,46200,48060,46200,47540,378465
2018-02-14,48080,49100,47940,49000,378118
2018-02-19,49800,49800,47860,48380,307069
2018-02-20,48040,48160,47220,47400,202452
2018-02-21,47280,47580,46840,47280,257604
2018-02-22,47260,47260,46760,46760,177399
2018-02-23,46760,47800,46760,47220,248466
2018-02-26,47280,47560,47080,47380,191213
2018-02-27,48360,48380,47380,47380,196611
2018-02-28,47380,48100,47000,47060,303247
2018-03-02,46580,46800,46000,46020,265310
2018-03-05,45820,46160,45080,45200,282019
2018-03-06,45920,47100,45820,47020,308467
2018-03-07,48200,48900,47220,48620,428541
2018-03-08,49200,49480,48080,49200,389273
2018-03-09,49440,50540,49240,49740,286088
2018-03-12,50560,50780,49580,49740,173779
2018-03-13,50760,51660,50360,51660,401974
2018-03-14,51020,52000,51000,51760,254265
2018-03-15,52000,52020,51020,51540,177649
2018-03-16,51220,51420,50240,51140,243698
2018-03-19,50620,51340,50440,50740,164377
2018-03-20,50700,51200,50100,51200,163865
2018-03-21,51780,51780,51060,51060,178104
2018-03-22,51060,51780,51040,51780,169082
2018-03-23,50340,50720,49600,49720,297099
2018-03-26,49420,50280,49040,50280,201155
2018-03-27,50320,50460,49080,49980,237480
2018-03-28,49100,49100,48340,48700,303189
2018-03-29,48700,49560,48320,49040,201340
2018-03-30,49080,49900,49080,49220,155542
2018-04-02,49000,49220,48500,48540,142313
2018-04-03,47880,48140,47280,48120,255365
2018-04-04,48160,48260,46920,46920,247684
2018-04-05,47400,49380,47340,48740,264912
2018-04-06,48000,48580,47400,48400,250654
2018-04-09,48260,49440,48200,49200,199008
2018-04-10,48540,49220,48040,48880,219687
2018-04-11,49900,49900,48600,48860,201022
2018-04-12,49440,49440,48880,49000,249325
2018-04-13,49600,50180,49400,49800,205566
2018-04-16,50320,50600,49860,50340,157549
2018-04-17,50240,50540,49820,49980,155440
2018-04-18,51000,51360,50580,51360,269252
2018-04-19,52000,52980,51540,52780,343811
2018-04-20,51800,52260,51420,51620,235220
2018-04-23,51000,52080,51000,51900,232380
2018-04-24,51840,51860,50080,50460,315406
2018-04-25,49220,50500,49220,50400,332292
2018-04-26,50420,52160,50400,52140,360931
2018-04-27,53380,53639,52440,53000,606216
2018-04-30,0,0,0,53000,0
2018-05-02,0,0,0,53000,0
2018-05-03,0,0,0,53000,0
2018-05-04,53000,53900,51800,51900,39565391
2018-05-08,52600,53200,51900,52600,23104720
2018-05-09,52600,52800,50900,50900,16128305
2018-05-10,51700,51700,50600,51600,13905263
2018-05-11,52000,52200,51200,51300,10314997
2018-05-14,51000,51100,49900,50100,14909272
2018-05-15,50200,50400,49100,49200,18709146
2018-05-16,49200,50200,49150,49850,15918683
2018-05-17,50300,50500,49400,49400,10365440
2018-05-18,49900,49900,49350,49500,6706570
2018-05-21,49650,50200,49100,50000,9020998
2018-05-23,50600,52000,50400,51800,17095490
2018-05-24,52000,52000,51100,51400,8289275
2018-05-25,51000,52800,50800,52700,15207266
2018-05-28,52500,53000,52000,52300,9787820
2018-05-29,52200,52500,51300,51300,8480437
2018-05-30,51300,51500,49100,49500,20498098
2018-05-31,50400,50800,49850,50700,63491109
2018-06-01,50500,51700,49950,51300,13038499
2018-06-04,50800,51200,50700,51100,9767171
2018-06-05,51100,51400,50400,51300,9144100
2018-06-07,51800,51800,50500,50600,13590016
2018-06-08,50200,50400,49600,49650,16951706
2018-06-11,49750,50300,49350,49900,10571312
2018-06-12,49700,49800,49250,49400,12110569
2018-06-14,49000,49000,48200,48200,20971729
2018-06-15,48500,48700,47650,47650,17080892
2018-06-18,47600,47650,46200,46600,16661870
2018-06-19,47200,47350,46500,47000,15217971
2018-06-20,47450,47600,46850,47000,12959316
2018-06-21,47900,47900,47050,47050,10015541
2018-06-22,47000,47250,46200,47250,10298006
2018-06-25,47050,47050,46150,46650,10587711
2018-06-26,45900,47300,45900,47000,11223166
2018-06-27,47450,48500,47000,47950,15274752
2018-06-28,46850,47150,46600,46800,12784800
2018-06-29,46250,47150,46200,46650,14099635
2018-07-02,46500,47150,45500,45550,13112253
2018-07-03,45750,46450,45750,46150,10959655
2018-07-04,46700,47050,46050,46250,8776763
2018-07-05,46100,46550,45600,45950,7039773
2018-07-06,45500,45850,44650,44900,17843706
2018-07-09,45500,46100,45200,45600,11602464
2018-07-10,46200,46550,46100,46300,10528665
2018-07-11,46400,46450,45400,46000,11224077
2018-07-12,45900,46250,45450,45500,11828104
2018-07-13,45800,46500,45750,46500,11543389
2018-07-16,46800,46800,46000,46050,7678719
2018-07-17,46150,46200,45600,45850,8892953
2018-07-18,46700,47200,46450,46550,10952645
2018-07-19,47050,47200,46600,46900,9880128
2018-07-20,47000,47600,46700,47450,10474547
2018-07-23,47100,47200,46150,46500,10823782
2018-07-24,46350,46600,45950,46150,8261363
2018-07-25,46250,46550,45900,46150,7222471
2018-07-26,46100,47000,46000,46900,7374946
2018-07-27,46450,47000,46450,46900,4762460
2018-07-30,46550,46800,46350,46500,5723035
2018-07-31,46200,46450,46000,46250,8033607
2018-08-01,46050,46850,46050,46550,7484499
2018-08-02,46550,46800,45500,45550,8560924
2018-08-03,45850,45900,45450,45750,8274944
2018-08-06,46150,46150,45750,45800,6771979
2018-08-07,46300,46750,45900,46700,9058174
2018-08-08,47000,47000,46550,46800,6429338
2018-08-09,47000,47050,46450,46900,12010886
2018-08-10,46150,46400,44850,45400,16670643
2018-08-13,44950,45100,44650,45050,9803831
2018-08-14,44850,45400,44850,45150,6409259
2018-08-16,43800,44650,43700,44250,10088229
2018-08-17,44050,44400,44050,44100,6808747
2018-08-20,43500,44200,43500,43850,7289124
2018-08-21,43700,44900,43700,44800,9520270
2018-08-22,45150,46200,44900,46100,11641656
2018-08-23,46150,46200,45700,46200,6730918
2018-08-24,45900,46400,45550,46150,6582535
2018-08-27,46100,46550,46000,46300,5263782
2018-08-28,46800,46950,46300,46550,7365976
2018-08-29,46750,46800,46400,46800,5572374
2018-08-30,46950,47950,46700,47650,12193231
2018-08-31,47100,48450,47000,48450,13577454
2018-09-03,48200,48300,47300,47450,8595084
2018-09-04,47550,47800,47200,47650,6791255
2018-09-05,47300,47450,46400,46600,9139998
2018-09-06,46200,46400,45800,46100,9040553
2018-09-07,44500,45200,44400,44900,18285508
2018-09-10,45450,45550,45000,45500,9979838
2018-09-11,45550,45900,45050,45050,9865790
2018-09-12,44900,45100,44500,44550,12995269
2018-09-13,44550,44750,44000,44050,18277942
2018-09-14,45000,45850,44900,45850,12446344
2018-09-17,45550,45800,44900,45150,8123384
2018-09-18,44950,45900,44700,45500,9987090
2018-09-19,46000,46200,45700,46150,9367454
2018-09-20,46850,47600,46400,47250,13536966
2018-09-21,46550,47550,46550,47400,14476906
2018-09-27,46950,47500,46450,47500,15804586
2018-09-28,47250,47250,46300,46450,11270515
2018-10-01,46450,46800,45800,46350,6354983
2018-10-02,46450,46700,45700,45700,6607188
2018-10-04,45150,45600,44700,44700,11865327
2018-10-05,44800,45500,44550,44700,10544165
2018-10-08,44200,45200,44200,44950,6759464
2018-10-10,45250,45500,44500,45300,10341349
2018-10-11,44000,44650,43100,43100,19324537
2018-10-12,43200,44650,43200,44000,12640906
2018-10-15,44050,44050,43350,43800,7434522
2018-10-16,43700,44150,43350,43600,6825677
2018-10-17,44150,44500,44000,44150,8306193
2018-10-18,43950,44450,43700,44050,8347725
2018-10-19,43900,44150,43450,43900,7842520
2018-10-22,43450,43950,43200,43550,8357648
2018-10-23,43300,43450,42550,43050,9531231
2018-10-24,43050,43100,42250,42550,13522825
2018-10-25,40600,41550,40550,41000,19338170
2018-10-26,41100,41300,40400,41000,14413864
2018-10-29,40850,41950,40550,41400,14460521
2018-10-30,41400,43000,41000,42350,14205190
2018-10-31,42900,43350,41700,42400,17621480
2018-11-01,42450,42950,42150,42150,13423132
2018-11-02,43050,44250,42800,44150,16517112
2018-11-05,43750,43800,42900,43800,9426777
2018-11-06,43750,43800,42950,43750,7713625
2018-11-07,43600,44500,43400,44000,11553998
2018-11-08,44900,45050,44050,44050,12617397
2018-11-09,44450,44850,43900,44300,7318500
2018-11-12,43850,45250,43700,45200,8552566
2018-11-13,43900,44500,43400,44500,9311126
2018-11-14,44500,44500,43800,44100,6783344
2018-11-15,44050,44350,43500,44250,5864067
2018-11-16,44600,44750,43700,44000,7777124
2018-11-19,44050,44250,43450,43650,7538720
2018-11-20,42450,43000,42100,42800,9420664
2018-11-21,41800,42300,41800,42100,10769589
2018-11-22,42000,42650,42000,42450,5970796
2018-11-23,42450,42600,41900,42400,5192638
2018-11-26,42150,42800,42100,42600,6613009
2018-11-27,42900,43100,42500,43050,8367091
2018-11-28,42800,43200,42750,43150,6943099
2018-11-29,43850,43850,42900,43150,8473511
2018-11-30,43450,44000,41750,41850,19775519
2018-12-03,42750,43400,42400,43250,12110702
2018-12-04,42650,42900,41900,42150,14347746
2018-12-05,40900,41750,40850,41450,12631983
2018-12-06,40600,41100,40450,40500,14251826
2018-12-07,40900,41400,40850,40950,11433083
2018-12-10,40450,40650,40000,40200,14892263
2018-12-11,40600,40700,40200,40250,10638766
2018-12-12,40250,40700,40150,40450,12024279
2018-12-13,40650,40750,40000,40000,26254646
2018-12-14,40200,40200,38700,38950,19671783
2018-12-17,38650,39600,38650,39150,11532968
2018-12-18,38300,39200,38300,38900,11042101
2018-12-19,38900,39350,38850,39100,9942037
2018-12-20,38600,39100,38500,38650,11937617
2018-12-21,38200,38650,38100,38650,14947080
2018-12-24,38500,39050,38300,38800,9729530
2018-12-26,38400,38750,38300,38350,12707675
2018-12-27,38700,38800,38100,38250,10510643
2018-12-28,38250,38900,38200,38700,9900267
2019-01-02,39400,39400,38550,38750,7847664
2019-01-03,38300,38550,37450,37600,12471493
2019-01-04,37450,37600,36850,37450,14108958
2019-01-07,38000,38900,37800,38750,12748997
2019-01-08,38000,39200,37950,38100,12756554
2019-01-09,38650,39600,38300,39600,17452708
2019-01-10,40000,40150,39600,39800,14731699
2019-01-11,40350,40550,39950,40500,11661063
2019-01-14,40450,40700,39850,40050,11984996
2019-01-15,40050,41100,39850,41100,11492756
2019-01-16,41150,41450,40700,41450,8491595
2019-01-17,41700,42100,41450,41950,11736903
2019-01-18,42000,42400,41950,42300,11029256
2019-01-21,42700,42750,41900,42750,11355701
2019-01-22,42750,42850,41850,42150,9964356
2019-01-23,41350,42250,41350,42000,11071079
2019-01-24,43050,43100,42350,43050,14747623
2019-01-25,44300,44750,43750,44750,22789395
2019-01-28,45000,45500,44600,45050,17998914
2019-01-29,45050,45500,44350,45500,16215017
2019-01-30,44800,46400,44800,46400,17505980
2019-01-31,46650,47050,46150,46150,21621145
2019-02-01,46650,46950,46250,46350,13832454
2019-02-07,46800,47100,46200,46200,15872001
2019-02-08,45700,45700,44650,44800,12689196
2019-02-11,44500,45000,44250,45000,11125044
2019-02-12,44650,46250,44650,46050,13184367
2019-02-13,46400,46700,46000,46200,11299738
2019-02-14,46600,47500,46150,47500,17259341
2019-02-15,46750,46850,45650,46050,10554643
2019-02-18,46500,46850,45850,46200,8183728
2019-02-19,45850,46150,45450,45950,6741395
2019-02-20,46750,47100,46500,46900,11506720
2019-02-21,46500,47200,46200,46950,8694009
2019-02-22,46500,47150,46450,47150,6895772
2019-02-25,47400,47550,47050,47350,7484716
2019-02-26,47350,47450,46500,46750,7985547
2019-02-27,47000,47250,46750,46750,8045211
2019-02-28,46400,46500,45100,45100,23569321
2019-03-04,46000,46100,44800,44850,12926539
2019-03-05,44600,45100,44150,44250,10612405
2019-03-06,44000,44300,43700,44000,10202544
2019-03-07,43400,44950,43400,44450,11049749
2019-03-08,44450,44800,43800,43800,7729069
2019-03-11,44400,44450,43650,43650,10717408
2019-03-12,44300,44950,44150,44650,11431977
2019-03-13,44250,44450,43700,43850,8108343
2019-03-14,43700,44300,43550,43850,18039161
2019-03-15,43800,44250,43700,44200,16814163
2019-03-18,43950,44150,43450,43700,8188876
2019-03-19,43750,43900,43550,43900,7609563
2019-03-20,43800,44200,43100,44050,9846242
2019-03-21,44600,46250,44050,45850,21138016
2019-03-22,46850,47000,46250,46550,12535911
2019-03-25,45300,45650,44800,45500,8699728
2019-03-26,45500,45700,44900,45250,9729811
2019-03-27,44750,45600,44250,45350,9568081
2019-03-28,44950,45200,44300,44850,6821306
2019-03-29,44500,44900,44200,44650,11491713
2019-04-01,45200,45450,44850,45050,7362129
2019-04-02,45550,46100,45350,45750,9480688
2019-04-03,46750,46750,45800,46600,12436570
2019-04-04,46150,47100,46150,46950,12650168
2019-04-05,46950,47550,46600,46850,8546339
2019-04-08,47250,47250,46150,46650,8507909
2019-04-09,46700,46950,46200,46650,6878761
2019-04-10,46400,46700,46050,46700,11883995
2019-04-11,46700,46800,46150,46250,13697399
2019-04-12,46050,46900,46000,46850,7668936
2019-04-15,47150,47500,47000,47050,8733019
2019-04-16,47400,47400,46800,47250,7730881
2019-04-17,47300,47600,47000,47050,5513658
2019-04-18,47200,47250,45500,45600,12808747
2019-04-19,45750,46000,45250,45300,8479710
2019-04-22,45400,45900,45100,45350,6006957
2019-04-23,45050,45500,45000,45200,6920566
2019-04-24,45400,45650,44150,44750,13299267
2019-04-25,44250,45000,44100,44650,10868965
2019-04-26,44200,45000,43800,44850,9739982
2019-04-29,45150,46150,45100,46150,8777517
2019-04-30,46000,46300,45350,45850,11121273
2019-05-02,45500,46150,45400,45900,8625126
2019-05-03,45900,46050,45300,45300,6562916
2019-05-07,45250,45300,44400,44850,12014907
2019-05-08,44300,44850,44200,44250,10398754
2019-05-09,43900,44250,42450,42450,23029718
2019-05-10,42600,43450,42450,42900,14579512
2019-05-13,42500,43200,42350,42650,7635079
2019-05-14,41300,43100,41300,42650,11563730
2019-05-15,42700,43050,42550,42550,7670185
2019-05-16,42350,42400,41350,41550,13687828
2019-05-17,41950,42050,40850,41200,13357951
2019-05-20,41650,42100,41550,42000,15752397
2019-05-21,42600,43950,42350,43150,18812133
2019-05-22,43700,43800,42400,43500,11033339
2019-05-23,43900,44000,43250,43850,12259006
2019-05-24,43800,43800,42400,42700,13966305
2019-05-27,42500,43000,42350,42650,8066669
2019-05-28,42550,42950,42150,42550,24506881
2019-05-29,41850,42100,41300,41800,14930618
2019-05-30,42200,42700,42150,42550,11766018
2019-05-31,42600,42800,42150,42500,11365999
2019-06-03,42950,43900,42500,43800,15466580
2019-06-04,43400,43700,43000,43450,9913497
2019-06-05,44050,44200,43700,43900,12464135
2019-06-07,43600,44350,43450,44200,11683682
2019-06-10,44300,44850,44050,44800,8792182
2019-06-11,44800,45000,44550,44850,6664872
2019-06-12,44800,45050,44300,44600,8607439
2019-06-13,44200,44400,43400,43750,16906541
2019-06-14,43750,44150,43300,44000,9322873
2019-06-17,43750,44050,43400,43900,11890424
2019-06-18,43750,44500,43650,44350,7994928
2019-06-19,45450,45450,45000,45350,10417690
2019-06-20,44850,45500,44850,45500,7147785
2019-06-21,45750,45800,45200,45700,9454913
2019-06-24,45200,45800,45200,45500,6085066
2019-06-25,45200,45800,45200,45600,7076774
2019-06-26,45800,46000,45600,45700,9226097
2019-06-27,46000,46600,45750,46500,12603534
2019-06-28,47000,47000,46700,47000,12949231
2019-07-01,47350,47400,46250,46600,11383522
2019-07-02,46200,46900,45850,46250,8463073
2019-07-03,45750,46350,45200,45400,9669368
2019-07-04,45250,46200,45250,46000,6365573
2019-07-05,45950,45950,45250,45650,7235395
2019-07-08,44750,44800,44350,44400,7823843
2019-07-09,44850,45450,44700,45100,7646421
2019-07-10,45550,46150,45500,45550,9253930
2019-07-11,46350,46550,46150,46200,10989751
2019-07-12,46350,46400,45800,46300,5245804
2019-07-15,45950,46650,45750,46450,4717226
2019-07-16,46450,46850,46300,46850,7407824
2019-07-17,46150,46350,45950,46050,5216602
2019-07-18,46450,46450,45650,46100,5143554
2019-07-19,46650,46950,46600,46800,8819393
2019-07-22,46800,47300,46600,47200,9009109
2019-07-23,47350,47550,47050,47300,9061381
2019-07-24,47100,47150,46250,46400,8756522
2019-07-25,47150,47200,46600,47200,8408838
2019-07-26,46650,47150,46550,47150,7873886
2019-07-29,46800,47050,46000,46100,6856846
2019-07-30,46300,46850,46300,46550,5551014
2019-07-31,46200,46600,45000,45350,12872916
2019-08-01,44900,45500,44850,45200,7811181
2019-08-02,44550,45500,44300,44950,12151374
2019-08-05,44350,44600,43600,43950,14214086
2019-08-06,42500,43800,42500,43500,15083824
2019-08-07,43600,43900,43100,43200,10002533
2019-08-08,43250,43500,42650,42650,16926881
2019-08-09,43250,43350,43050,43150,9685147
2019-08-12,44000,44000,43550,43700,8466169
2019-08-13,43500,43500,42950,43000,7276979
2019-08-14,43900,44250,43500,43700,8750135
2019-08-16,43800,43900,43300,43900,9528115
2019-08-19,44350,44350,43500,43600,6014218
2019-08-20,43950,44600,43550,44450,8434205
2019-08-21,44350,44800,44150,44500,6571717
2019-08-22,44500,44700,43850,44050,8061177
2019-08-23,43800,44200,43650,43950,5017381
2019-08-26,43050,43800,42950,43600,7954949
2019-08-27,43650,44200,43600,44050,16883932
2019-08-28,44100,44400,43750,44150,5758333
2019-08-29,44200,44200,43050,43400,10768862
2019-08-30,43750,44300,43750,44000,9899073
2019-09-02,44850,44850,43650,43800,7185537
2019-09-03,43550,43650,43100,43250,9774941
2019-09-04,43250,44100,43150,44100,12441837
2019-09-05,44800,46100,44450,45700,18297430
2019-09-06,46500,46500,45850,46300,9896562
2019-09-09,46450,47000,46300,46900,9434157
2019-09-10,47100,47200,46550,47000,9231792
2019-09-11,47300,47400,46800,47150,16141619
2019-09-16,47000,47100,46400,47100,15550926
2019-09-17,47000,47100,46800,46900,7006280
2019-09-18,46900,47700,46800,47700,10413027
2019-09-19,48050,49200,47850,49150,16461413
2019-09-20,49400,49600,49100,49200,15460210
2019-09-23,49250,49300,49000,49300,7568553
2019-09-24,49050,49650,48850,49500,7871955
2019-09-25,49200,49350,48800,48900,9187141
2019-09-26,49000,49250,48900,49200,8494756
2019-09-27,48000,48700,48000,48400,8048041
2019-09-30,48050,49250,47900,49050,9497119
2019-10-01,48900,49100,48650,48850,6206035
2019-10-02,48350,48400,47600,47600,8382463
2019-10-04,47400,48650,47350,48000,9331695
2019-10-07,48350,48700,47650,47750,7047273
2019-10-08,47900,49000,47600,48900,14239367
2019-10-10,48200,49200,48000,48550,18639855
2019-10-11,49000,49450,48800,49150,7783275
2019-10-14,50000,50300,49850,50000,11130635
2019-10-15,49900,50200,49900,50100,6058105
2019-10-16,50700,50900,50400,50700,9136282
2019-10-17,50500,50600,50100,50500,6701380
2019-10-18,50300,50900,49650,49900,8483106
2019-10-21,49900,50400,49800,50300,4406531
2019-10-22,50800,51500,50700,51200,10898729
2019-10-23,51300,51500,50800,51200,8663880
2019-10-24,52500,52500,50500,50700,21185785
2019-10-25,50800,51200,50500,50900,7879897
2019-10-28,50700,51500,50700,51300,6431522
2019-10-29,51400,51700,50800,51100,7581629
2019-10-30,50700,50800,50200,50400,8959435
2019-10-31,51000,51400,50300,50400,10304777
2019-11-01,50600,51200,50400,51200,8467846
2019-11-04,51700,52300,51400,52300,13012411
2019-11-05,52400,52700,52100,52700,10581034
2019-11-06,52900,53500,52700,53300,14361133
2019-11-07,53400,53400,52400,52900,9257116
2019-11-08,53200,53300,52000,52100,11603290
2019-11-11,52200,52200,51400,51600,8185952
2019-11-12,51800,52600,51600,52600,6576148
2019-11-13,52500,52500,52000,52500,6225196
2019-11-14,51900,52800,51900,52800,12010018
2019-11-15,52900,53700,52600,53700,9703360
2019-11-18,53600,53800,53200,53500,7746554
2019-11-19,53200,53500,52700,53500,8907177
2019-11-20,53400,53400,52000,52000,12560070
2019-11-21,51600,52100,50600,51000,14298646
2019-11-22,51000,51600,50900,51600,8478310
2019-11-25,52200,52600,51700,51800,9050625
2019-11-26,51900,52900,51800,51800,27372226
2019-11-27,51800,52300,51600,52200,7546261
2019-11-28,51900,52100,51300,51300,6833885
2019-11-29,51200,51400,50200,50300,11179334
2019-12-02,50900,51300,50400,50400,18877252
2019-12-03,49800,50300,49500,49900,12059812
2019-12-04,49600,49850,49000,49450,13246549
2019-12-05,50200,50400,49500,49500,10449715
2019-12-06,50100,50900,49950,50400,11414563
2019-12-09,50900,51400,50700,51200,8470627
2019-12-10,51000,51600,50700,51500,6882771
2019-12-11,51500,52200,51400,51900,11379521
2019-12-12,53000,53300,52700,53300,29178697
2019-12-13,54500,54800,53900,54700,18120261
2019-12-16,54500,54900,54300,54700,11512405
2019-12-17,55800,56700,55400,56700,19358433
2019-12-18,56700,57200,56000,56300,15558208
2019-12-19,57000,57300,55500,56000,14180520
2019-12-20,56100,56500,55600,56000,12095519
2019-12-23,56100,56400,55100,55500,9839252
2019-12-24,55600,55700,54800,55000,11868463
2019-12-26,54700,55400,54400,55400,9645034
2019-12-27,55700,56900,55500,56500,12313056
2019-12-30,56200,56600,55700,55800,8356767
2020-01-02,55500,56000,55000,55200,12993228
2020-01-03,56000,56600,54900,55500,15422255
2020-01-06,54900,55600,54600,55500,10278951
2020-01-07,55700,56400,55600,55800,10009778
2020-01-08,56200,57400,55900,56800,23501171
2020-01-09,58400,58600,57400,58600,24102579
2020-01-10,58800,59700,58300,59500,16000170
2020-01-13,59600,60000,59100,60000,11359139
2020-01-14,60400,61000,59900,60000,16906295
2020-01-15,59500,59600,58900,59000,14300928
2020-01-16,59100,60700,59000,60700,14381774
2020-01-17,61900,62000,61000,61300,16025661
2020-01-20,62000,62800,61700,62400,12528855
2020-01-21,62000,62400,61200,61400,11142693
2020-01-22,60500,62600,60400,62300,15339565
2020-01-23,61800,61800,60700,60800,14916555
2020-01-28,59400,59400,58300,58800,23664541
2020-01-29,59100,59700,58800,59100,16446102
2020-01-30,58800,58800,56800,57200,20821939
2020-01-31,57800,58400,56400,56400,19749457
2020-02-03,55500,57400,55200,57200,23995260
2020-02-04,57100,59000,56800,58900,21800192
2020-02-05,60000,60200,58900,59500,19278165
2020-02-06,60100,61100,59700,61100,14727159
2020-02-07,61100,61200,59700,60400,16402493
2020-02-10,59200,59800,59100,59700,13107121
2020-02-11,59800,60700,59700,59900,11071231
2020-02-12,60300,60700,59700,60500,12904207
2020-02-13,61200,61600,60500,60700,18449775
2020-02-14,60900,61900,60200,61800,13276067
2020-02-17,61600,62000,61200,61500,8740596
2020-02-18,60800,60900,59700,59800,16674266
2020-02-19,59800,60400,59400,60200,12951496
2020-02-20,60700,61300,59600,60000,14591924
2020-02-21,58800,59800,58500,59200,13777393
2020-02-24,57400,58100,56800,56800,25627537
2020-02-25,56200,58000,56200,57900,23885408
2020-02-26,56000,57000,56000,56500,25483102
2020-02-27,56300,56900,55500,55900,23209541
2020-02-28,55000,55500,54200,54200,30054227
2020-03-02,54300,55500,53600,55000,30403412
2020-03-03,56700,56900,55100,55400,30330295
2020-03-04,54800,57600,54600,57400,24765728
2020-03-05,57600,58000,56700,57800,21698990
2020-03-06,56500,57200,56200,56500,18716656
2020-03-09,54700,55000,53600,54200,30261485
2020-03-10,53800,54900,53700,54600,32106554
2020-03-11,54300,54400,52000,52100,45707281
2020-03-12,51000,51900,49300,50800,48149999
2020-03-13,47450,51600,46850,49950,59462933
2020-03-16,50100,50900,48800,48900,33339821
2020-03-17,46900,49650,46700,47300,51218151
2020-03-18,47750,48350,45600,45600,40152623
2020-03-19,46400,46650,42300,42950,56925513
2020-03-20,44150,45500,43550,45400,49164641
